unit-id,SM,LB,barcode
lineage-1,L1_F4_P9373_S1431-cn1,06-02-2017_R1_D286,CGATGT
lineage-1,L1_F4_P9381_S1447-cn1,06-02-2017_R1_D294,TGACCA
lineage-1,L1_F4_P9377_S1439-cn1,06-02-2017_R1_D290,ACAGTG
lineage-1,L1_F4_P9374_S1433-cn1,06-02-2017_R1_D287,GCCAAT
lineage-1,L1_F2_P9365_S1417-cn1,06-02-2017_R1_D279,CAGATC
lineage-1,L1_F2_P9383_S1451-cn1,06-02-2017_R1_D296,CTTGTA
lineage-1,L1_F2_P9386_S1457-cn1,06-02-2017_R1_D299,AGTCAA
lineage-1,L1_F2_P9386_S1458-cn2,06-02-2017_R1_D339,AGTTCC
lineage-1,L1_F3_P9370_S1425-cn1,06-02-2017_R1_D283,ATGTCA
lineage-1,L1_F3_P9380_S1445-cn1,06-02-2017_R1_D293,CCGTCC
lineage-1,L1_F3_P9376_S1437-cn1,06-02-2017_R1_D289,GTCCGC
lineage-1,L1_F3_P9371_S1427-cn1,06-02-2017_R1_D284,GTGAAA
lineage-1,L1_F4_P9387_S1459-cn1,06-02-2017_R2_D300,ATCACG
lineage-1,L1_F4_P9394_S1473-cn1,06-02-2017_R2_D307,TTAGGC
lineage-1,L1_F4_P9364_S1416-cn2,06-02-2017_R2_D334,ACTTGA
lineage-1,L1_F4_P9385_S1456-cn2,06-02-2017_R2_D338,GATCAG
lineage-1,L1_F2_P9392_S1469-cn1,06-02-2017_R2_D305,TAGCTT
lineage-1,L1_F2_P9389_S1464-cn2,06-02-2017_R2_D340,GGCTAC
lineage-1,L1_F2_P9395_S1475-cn1,06-02-2017_R2_D308,GTGGCC
lineage-1,L1_F2_P9366_S1420-cn2,06-02-2017_R2_D335,GTTTCG
lineage-1,L1_F3_P9362_S1412-cn2,06-02-2017_R2_D333,CGTACG
lineage-1,L1_F3_P9393_S1471-cn1,06-02-2017_R2_D306,GAGTGG
lineage-1,L1_F3_P9391_S1467-cn1,06-02-2017_R2_D304,ACTGAT
lineage-1,L1_F3_P9384_S1453-cn1,06-02-2017_R2_D297,ATTCCT
lineage-2,L2_F4_P9413_S1045-cn1,07-02-2017_R3_D92,CGATGT
lineage-2,L2_F4_P9419_S1057-cn1,07-02-2017_R3_D98,TGACCA
lineage-2,L2_F4_P9401_S1021-cn1,07-02-2017_R3_D80,ACAGTG
lineage-2,L2_F4_P9411_S1041-cn1,07-02-2017_R3_D90,GCCAAT
lineage-2,L2_F2_P9406_S1031-cn1,07-02-2017_R3_D85,CAGATC
lineage-2,L2_F2_P9427_S1073-cn1,07-02-2017_R3_D106,CTTGTA
lineage-2,L2_F2_P9423_S1065-cn1,07-02-2017_R3_D102,AGTCAA
lineage-2,L2_F2_P9425_S1069-cn1,07-02-2017_R3_D104,AGTTCC
lineage-2,L2_F3_P9422_S1063-cn1,07-02-2017_R3_D101,ATGTCA
lineage-2,L2_F3_P9424_S1067-cn1,07-02-2017_R3_D103,CCGTCC
lineage-2,L2_F3_P9403_S1025-cn1,07-02-2017_R3_D82,GTCCGC
lineage-2,L2_F3_P9402_S1023-cn1,07-02-2017_R3_D81,GTGAAA
lineage-2,L2_F4_P9414_S1048-cn2,07-02-2017_R4_D324,ATCACG
lineage-2,L2_F4_P9432_S1083-cn1,07-02-2017_R4_D111,TTAGGC
lineage-2,L2_F4_P9437_S1093-cn1,07-02-2017_R4_D116,ACTTGA
lineage-2,L2_F4_P9431_S1081-cn1,07-02-2017_R4_D110,GATCAG
lineage-2,L2_F2_P9407_S1033-cn1,07-02-2017_R4_D86,TAGCTT
lineage-2,L2_F2_P9405_S1030-cn2,07-02-2017_R4_D321,GGCTAC
lineage-2,L2_F2_P9418_S1056-cn2,07-02-2017_R4_D326,GTGGCC
lineage-2,L2_F2_P9404_S1027-cn1,07-02-2017_R4_D83,GTTTCG
lineage-2,L2_F3_P9434_S1087-cn1,07-02-2017_R4_D113,CGTACG
lineage-2,L2_F3_P9417_S1054-cn2,07-02-2017_R4_D325,GAGTGG
lineage-2,L2_F3_P9433_S1085-cn1,07-02-2017_R4_D112,ACTGAT
lineage-2,L2_F3_P9435_S1089-cn1,07-02-2017_R4_D114,ATTCCT
lineage-3,L3_F4_P9476_S1015-cn1,07-02-2017_R5_D77,CGATGT
lineage-3,L3_F4_P9468_S1000-cn2,07-02-2017_R5_D319,TGACCA
lineage-3,L3_F4_P9473_S1009-cn1,07-02-2017_R5_D74,ACAGTG
lineage-3,L3_F4_P9472_S1007-cn1,07-02-2017_R5_D73,GCCAAT
lineage-3,L3_F2_P9460_S983-cn1,07-02-2017_R5_D61,CAGATC
lineage-3,L3_F2_P9459_S981-cn1,07-02-2017_R5_D60,CTTGTA
lineage-3,L3_F2_P9439_S941-cn1,07-02-2017_R5_D40,AGTCAA
lineage-3,L3_F2_P9457_S977-cn1,07-02-2017_R5_D58,AGTTCC
lineage-3,L3_F3_P9451_S966-cn2,07-02-2017_R5_D316,ATGTCA
lineage-3,L3_F3_P9443_S949-cn1,07-02-2017_R5_D44,CCGTCC
lineage-3,L3_F3_P9447_S957-cn1,07-02-2017_R5_D48,GTCCGC
lineage-3,L3_F3_P9440_S943-cn1,07-02-2017_R5_D41,GTGAAA
lineage-3,L3_F4_P9458_S979-cn1,08-02-2017_R6_D59,ATCACG
lineage-3,L3_F4_P9466_S996-cn2,08-02-2017_R6_D318,TTAGGC
lineage-3,L3_F4_P9469_S1002-cn2,08-02-2017_R6_D320,ACTTGA
lineage-3,L3_F4_P9474_S1011-cn1,08-02-2017_R6_D75,GATCAG
lineage-3,L3_F2_P9461_S985-cn1,08-02-2017_R6_D62,TAGCTT
lineage-3,L3_F2_P9475_S1013-cn1,08-02-2017_R6_D76,GGCTAC
lineage-3,L3_F2_P9477_S1017-cn1,08-02-2017_R6_D78,GTGGCC
lineage-3,L3_F2_P9453_S970-cn2,08-02-2017_R6_D317,GTTTCG
lineage-3,L3_F3_P9462_S987-cn1,08-02-2017_R6_D63,CGTACG
lineage-3,L3_F3_P9440_S944-cn2,08-02-2017_R6_D314,GAGTGG
lineage-3,L3_F3_P9467_S997-cn1,08-02-2017_R6_D68,ACTGAT
lineage-3,L3_F3_P9452_S967-cn1,08-02-2017_R6_D53,ATTCCT
lineage-4,L4_F4_P9502_S1145-cn1,08-02-2017_R7_D143,ATCACG
lineage-4,L4_F4_P9495_S1131-cn1,08-02-2017_R7_D136,TTAGGC
lineage-4,L4_F4_P9495_S1132-cn2,08-02-2017_R7_D329,ACTTGA
lineage-4,L4_F4_P9502_S1146-cn2,08-02-2017_R7_D331,GATCAG
lineage-4,L4_F4_P9480_S1101-cn1,08-02-2017_R7_D120,TAGCTT
lineage-4,L4_F2_P9479_S1099-cn1,08-02-2017_R7_D119,GGCTAC
lineage-4,L4_F2_P9487_S1115-cn1,08-02-2017_R7_D127,GTGGCC
lineage-4,L4_F2_P9490_S1122-cn2,08-02-2017_R7_D328,GTTTCG
lineage-4,L4_F3_P9505_S1151-cn1,08-02-2017_R7_D146,CGTACG
lineage-4,L4_F3_P9481_S1103-cn1,08-02-2017_R7_D121,GAGTGG
lineage-4,L4_F3_P9498_S1137-cn1,08-02-2017_R7_D139,ACTGAT
lineage-4,L4_F3_P9509_S1159-cn1,08-02-2017_R7_D150,ATTCCT
lineage-4,L4_F4_P9510_S1161-cn1,08-02-2017_R8_D151,CGATGT
lineage-4,L4_F4_P9504_S1150-cn2,08-02-2017_R8_D332,TGACCA
lineage-4,L4_F4_P9513_S1167-cn1,08-02-2017_R8_D154,ACAGTG
lineage-4,L4_F4_P9506_S1153-cn1,08-02-2017_R8_D147,GCCAAT
lineage-4,L4_F2_P9515_S1171-cn1,08-02-2017_R8_D156,CAGATC
lineage-4,L4_F2_P9508_S1157-cn1,08-02-2017_R8_D149,CTTGTA
lineage-4,L4_F2_P9483_S1108-cn2,08-02-2017_R8_D327,AGTCAA
lineage-4,L4_F2_P9497_S1135-cn1,08-02-2017_R8_D138,AGTTCC
lineage-4,L4_F3_P9511_S1163-cn1,08-02-2017_R8_D152,ATGTCA
lineage-4,L4_F3_P9514_S1169-cn1,08-02-2017_R8_D155,CCGTCC
lineage-4,L4_F3_P9493_S1127-cn1,08-02-2017_R8_D133,GTCCGC
